{
  "type": "origins:active_self",
  "name": "Blessing of Ares",
  "description": "You are able to call on your fathers power to become super strong and invulnerable for 20 seconds.",
  "cooldown": 2000,
  "hud_render": {
        "sprite_location": "origins:textures/gui/community/spiderkolo/resource_bar_02.png",
        "bar_index": 1
    },
  "entity_action": {
    "type": "origins:apply_effect",
    "effects": [
      {
      "effect": "minecraft:strength",
      "duration": 400,
      "amplifier": 2
    },
      {
      "effect": "minecraft:resistance",
      "duration": 400,
      "amplifier": 5
      }
      ]
    }
}
