{
  "type": "origins:multiple",
  "name": "Godly Heritage",
  "description": "Because of the godly ichor flowing through your veins you are stronger and faster than regular mortals, but can also be detected from further away by monsters.",
  "strength": {
        "type": "origins:attribute",
        "modifier": {
            "attribute": "minecraft:generic.attack_damage",
            "value": 2,
            "operation": "addition"
        }
    },
  "speed": {
      "type": "origins:conditioned_attribute",
      "modifier": {
          "attribute": "minecraft:generic.movement_speed",
          "operation": "addition",
          "value": 0.03
      },
      "tick_rate": 10,
      "condition": {
          "type": "origins:sprinting"
      }
  },
  "scent": {
      "type": "origins:attribute",
      "modifier": {
          "attribute": "minecraft:generic.follow_range",
          "value": 2,
          "operation": "multiply_total"
      }
  }
}
