{
    "type": "origins:stacking_status_effect",
    "name": "Ocean Strength",
    "description": "You heal especially quickly and are stronger when in water.",
    "min_stacks": 0,
    "max_stacks": 10,
    "duration_per_stack": 5,
    "effects": [
        {
          "effect": "minecraft:regeneration",
          "is_ambient": true,
          "show_particles": false,
          "show_icon": false
        },
        {
          "effect": "minecraft:strength",
          "is_ambient": true,
          "show_particles": false,
          "show_icon": false
        }
    ],
  "condition": {
	"type": "origins:or",
	"conditions": [
	  {
		"type": "origins:fluid_height",
		"fluid": "water",
		"comparison": ">",
		"compare_to": 0.0
	  },
	  {
		"type": "origins:in_rain"
	  }
	]
  }
}
