{
    "type": "origins:stacking_status_effect",
    "name": "Sea Lungs",
    "description": "Because of your lineage, you can breath water as easily as air.",
    "min_stacks": 0,
    "max_stacks": 10,
    "duration_per_stack": 5,
    "effects": {
          "effect": "minecraft:water_breathing",
          "is_ambient": true,
          "show_particles": false,
          "show_icon": false
    },
    "condition": {
        "type": "origins:submerged_in",
        "fluid": "minecraft:water"
    }
}
